ad_type,city,cname,day,deliver,ftype,invite,maxsal,minsal,name,refresh,type,url,uuid
f,北京,滴滴出行,4,False,1,False,260,200,算法工程师,10-20,intern,https://sxsimg.xiaoyuanzhao.com/3C/D1/3C0BD69C2DC0C5222A061635FDC55BD1.jpg,inn_z2spzbny4gpp
f,北京,滴滴出行,4,False,1,False,260,200,数据科学实习生,10-20,intern,https://sxsimg.xiaoyuanzhao.com/3C/D1/3C0BD69C2DC0C5222A061635FDC55BD1.jpg,inn_z5jd9dimpvoq
f,杭州,袋鼠云,5,False,1,False,200,150,数据挖掘实习生,10-20,intern,https://sxsimg.xiaoyuanzhao.com/9F/92/9F3506D5BD6345271052AD1E81FE8B92.jpg,inn_cxrnyo8fpbqp
f,全国,脉络大数据-MeDomino,3,False,1,False,100,50,数据质量工程师,10-20,intern,https://sxsimg.xiaoyuanzhao.com/4B/31/4BB261FB3C44058BD42AE103E1206931.png,inn_jqp0hkixip6z
f,北京,真融宝,4,False,1,False,250,200,数据工程师 （实习/校招）,10-19,intern,https://sxsimg.xiaoyuanzhao.com/47/3B/471CABD57CCFA531A4665FC04B51DC3B.png,inn_sslrkkj3chaa
f,上海,壹账通,4,False,1,False,200,150,智能风控实习生,10-19,intern,https://sxsimg.xiaoyuanzhao.com/AC/52/AC96636F8615F8D5F6F6B93A5D0F5E52.jpg,inn_udbipufrr5kz
f,上海,百胜中国,4,False,1,False,250,200,数据分析实习生,10-19,intern,https://sxsimg.xiaoyuanzhao.com/BC/28/BC9E52C4D3CF4C7266746E2156A1B028.png,inn_9jn9bzls5bjy
f,南京,浦和数据,4,False,1,False,200,150,数据分析工程师,10-19,intern,https://sxsimg.xiaoyuanzhao.com/86/E8/86DBEE672F10C03551926FAEE0294AE8.png,inn_p5jow7ox4ybz
f,上海,快钱公司,3,False,1,False,150,100,数据分析实习生,10-19,intern,https://sxsimg.xiaoyuanzhao.com/6A/1B/6ADFAB478424EDF0C33000FB8655901B.jpg,inn_enh9njzv6vfw
f,北京,真融宝,5,False,1,False,300,200,数据分析,10-19,intern,https://sxsimg.xiaoyuanzhao.com/47/3B/471CABD57CCFA531A4665FC04B51DC3B.png,inn_9phd4bmxd8ph
f,北京,去哪儿网,5,False,1,False,200,150,机器学习工程师,10-19,intern,https://sxsimg.xiaoyuanzhao.com/4B/50/4BF8DAFEDA7751CDE420E9A09E23CE50.png,inn_ffhwxwr1cqk6
f,成都,御雪科技,5,False,0,False,150,100,数据分析员,10-19,intern,https://sxsimg.xiaoyuanzhao.com/A2/9C/A21C586B13805DE04E6656313EB2899C.png,inn_ed24kisibyxl
f,北京,正邦,5,False,1,False,150,80,sem助理,10-19,intern,https://sxsimg.xiaoyuanzhao.com/CB/95/CB91322BDE57377051DFF4535421A295.png,inn_k8yj8ryokfac
f,武汉,交复医学,5,False,1,False,150,100,数据分析实习生,10-19,intern,https://sxsimg.xiaoyuanzhao.com/5D/93/5D64B06D26CA08307FAB0319CAAD0D93.png,inn_kqx9kwzavlh3
f,广州,小迈网络科技,5,False,1,False,250,200,数据分析师(2019届毕业生),10-19,intern,https://sxsimg.xiaoyuanzhao.com/29/D5/295B0940A0CEA50CBC897359FD8572D5.png,inn_vod3dapgsv1u
f,上海,eBay,3,False,1,False,185,175,"Intern, APAC Seller Trus",10-19,intern,https://sxsimg.xiaoyuanzhao.com/CC/A6/CC02C742C0CD9430B7C85470C63530A6.png,inn_61yxs2igdp4r
f,重庆,佰聆数据,5,False,1,False,150,100,助理数据分析师（重庆）,10-19,intern,https://sxsimg.xiaoyuanzhao.com/2F/9A/2F3473D10E91E56FB9B6F2EB5EDAE19A.png,inn_cnsfbfzsb6ld
f,郑州,佰聆数据,4,False,1,False,150,100,助理数据分析师（郑州）,10-19,intern,https://sxsimg.xiaoyuanzhao.com/2F/9A/2F3473D10E91E56FB9B6F2EB5EDAE19A.png,inn_zxwhnccj325h
f,福州,佰聆数据,3,False,1,False,150,100,助理数据分析师（福州）,10-19,intern,https://sxsimg.xiaoyuanzhao.com/2F/9A/2F3473D10E91E56FB9B6F2EB5EDAE19A.png,inn_bsy4qxpgcc3g
f,北京,博天数创,5,False,1,False,150,100,图像识别,10-19,intern,https://sxsimg.xiaoyuanzhao.com/32/21/325B6BC6BA3D61D4C6A1A6B55D8A9221.png,inn_xoxyqqjkt4bj
f,北京,滴滴出行,4,False,1,False,260,200,算法工程师,10-20,intern,https://sxsimg.xiaoyuanzhao.com/3C/D1/3C0BD69C2DC0C5222A061635FDC55BD1.jpg,inn_z2spzbny4gpp
f,北京,滴滴出行,4,False,1,False,260,200,数据科学实习生,10-20,intern,https://sxsimg.xiaoyuanzhao.com/3C/D1/3C0BD69C2DC0C5222A061635FDC55BD1.jpg,inn_z5jd9dimpvoq
f,杭州,袋鼠云,5,False,1,False,200,150,数据挖掘实习生,10-20,intern,https://sxsimg.xiaoyuanzhao.com/9F/92/9F3506D5BD6345271052AD1E81FE8B92.jpg,inn_cxrnyo8fpbqp
f,全国,脉络大数据-MeDomino,3,False,1,False,100,50,数据质量工程师,10-20,intern,https://sxsimg.xiaoyuanzhao.com/4B/31/4BB261FB3C44058BD42AE103E1206931.png,inn_jqp0hkixip6z
f,北京,真融宝,4,False,1,False,250,200,数据工程师 （实习/校招）,10-19,intern,https://sxsimg.xiaoyuanzhao.com/47/3B/471CABD57CCFA531A4665FC04B51DC3B.png,inn_sslrkkj3chaa
f,上海,壹账通,4,False,1,False,200,150,智能风控实习生,10-19,intern,https://sxsimg.xiaoyuanzhao.com/AC/52/AC96636F8615F8D5F6F6B93A5D0F5E52.jpg,inn_udbipufrr5kz
f,上海,百胜中国,4,False,1,False,250,200,数据分析实习生,10-19,intern,https://sxsimg.xiaoyuanzhao.com/BC/28/BC9E52C4D3CF4C7266746E2156A1B028.png,inn_9jn9bzls5bjy
f,南京,浦和数据,4,False,1,False,200,150,数据分析工程师,10-19,intern,https://sxsimg.xiaoyuanzhao.com/86/E8/86DBEE672F10C03551926FAEE0294AE8.png,inn_p5jow7ox4ybz
f,上海,快钱公司,3,False,1,False,150,100,数据分析实习生,10-19,intern,https://sxsimg.xiaoyuanzhao.com/6A/1B/6ADFAB478424EDF0C33000FB8655901B.jpg,inn_enh9njzv6vfw
f,北京,真融宝,5,False,1,False,300,200,数据分析,10-19,intern,https://sxsimg.xiaoyuanzhao.com/47/3B/471CABD57CCFA531A4665FC04B51DC3B.png,inn_9phd4bmxd8ph
f,北京,去哪儿网,5,False,1,False,200,150,机器学习工程师,10-19,intern,https://sxsimg.xiaoyuanzhao.com/4B/50/4BF8DAFEDA7751CDE420E9A09E23CE50.png,inn_ffhwxwr1cqk6
f,成都,御雪科技,5,False,0,False,150,100,数据分析员,10-19,intern,https://sxsimg.xiaoyuanzhao.com/A2/9C/A21C586B13805DE04E6656313EB2899C.png,inn_ed24kisibyxl
f,北京,正邦,5,False,1,False,150,80,sem助理,10-19,intern,https://sxsimg.xiaoyuanzhao.com/CB/95/CB91322BDE57377051DFF4535421A295.png,inn_k8yj8ryokfac
f,武汉,交复医学,5,False,1,False,150,100,数据分析实习生,10-19,intern,https://sxsimg.xiaoyuanzhao.com/5D/93/5D64B06D26CA08307FAB0319CAAD0D93.png,inn_kqx9kwzavlh3
f,广州,小迈网络科技,5,False,1,False,250,200,数据分析师(2019届毕业生),10-19,intern,https://sxsimg.xiaoyuanzhao.com/29/D5/295B0940A0CEA50CBC897359FD8572D5.png,inn_vod3dapgsv1u
f,上海,eBay,3,False,1,False,185,175,"Intern, APAC Seller Trus",10-19,intern,https://sxsimg.xiaoyuanzhao.com/CC/A6/CC02C742C0CD9430B7C85470C63530A6.png,inn_61yxs2igdp4r
f,重庆,佰聆数据,5,False,1,False,150,100,助理数据分析师（重庆）,10-19,intern,https://sxsimg.xiaoyuanzhao.com/2F/9A/2F3473D10E91E56FB9B6F2EB5EDAE19A.png,inn_cnsfbfzsb6ld
f,郑州,佰聆数据,4,False,1,False,150,100,助理数据分析师（郑州）,10-19,intern,https://sxsimg.xiaoyuanzhao.com/2F/9A/2F3473D10E91E56FB9B6F2EB5EDAE19A.png,inn_zxwhnccj325h
f,福州,佰聆数据,3,False,1,False,150,100,助理数据分析师（福州）,10-19,intern,https://sxsimg.xiaoyuanzhao.com/2F/9A/2F3473D10E91E56FB9B6F2EB5EDAE19A.png,inn_bsy4qxpgcc3g
f,北京,博天数创,5,False,1,False,150,100,图像识别,10-19,intern,https://sxsimg.xiaoyuanzhao.com/32/21/325B6BC6BA3D61D4C6A1A6B55D8A9221.png,inn_xoxyqqjkt4bj
f,常州,compassedu指南者教育,3,False,1,False,250,200,数据（Stata）实习生（常州）,10-19,intern,https://sxsimg.xiaoyuanzhao.com/45/06/45651E1AF30B6D8FECDC2CD236A63C06.jpg,inn_aygyvriopxj3
f,北京,矩阵汇丰,4,False,1,False,250,200,Matrix AI Network 机器学习/数据挖掘-算法工程师-实习生招聘,10-19,intern,https://sxsimg.xiaoyuanzhao.com/C5/73/C508AD1E55D1A0A201FF0B699D062F73.png,inn_njgjvaz47oji
f,深圳,Webot,4,False,1,False,150,100,数据标注员实习生,10-19,intern,https://sxsimg.xiaoyuanzhao.com/76/89/766AE65EC60388383B7AD45608A29D89.png,inn_ijlsmqam4ybg
f,深圳,Webot,5,False,1,False,200,150,金融知识工程师实习生,10-19,intern,https://sxsimg.xiaoyuanzhao.com/76/89/766AE65EC60388383B7AD45608A29D89.png,inn_m7zoosxqfisg
f,北京,智融集团,5,False,1,False,400,300,实习算法工程师,10-19,intern,https://sxsimg.xiaoyuanzhao.com/DC/C9/DC1728FC2EDEEE6576BC3FDBF472F0C9.jpg,inn_u35fkzd0vn7u
f,上海,上海数策,5,False,1,False,150,140,文本建模助理,10-19,intern,https://sxsimg.xiaoyuanzhao.com/89/99/8956851288C7368F8662E01C6AD02F99.jpg,inn_ghppsuc83q85
f,"北京,南京",感易智能,4,False,1,False,300,250,NLP算法研究员-南京,10-19,intern,https://sxsimg.xiaoyuanzhao.com/AB/5A/AB8CB8E1D00B8E2154D2A81582E3C45A.png,inn_wxhiza8uijon
f,南京,感易智能,4,False,1,False,300,250,数据挖掘算法实习生-南京,10-19,intern,https://sxsimg.xiaoyuanzhao.com/AB/5A/AB8CB8E1D00B8E2154D2A81582E3C45A.png,inn_fpp6ztulfjaf
f,北京,感易智能,4,False,1,False,400,200,NLP数据标注实习生,10-19,intern,https://sxsimg.xiaoyuanzhao.com/AB/5A/AB8CB8E1D00B8E2154D2A81582E3C45A.png,inn_gw2q17gq93eo
f,杭州,网易游戏,4,False,1,False,200,100,数据挖掘实习(杭州）,10-19,intern,https://sxsimg.xiaoyuanzhao.com/company_logo/2015-22/mWSIgB9Di2Ofe6A.jpg,inn_toiobnaafgxo
f,杭州,网易游戏,4,False,1,False,200,100,爬虫工程师实习生,10-19,intern,https://sxsimg.xiaoyuanzhao.com/company_logo/2015-22/mWSIgB9Di2Ofe6A.jpg,inn_dc6tjin1ptnj
f,上海,高力物业,3,False,1,False,150,100,咨询部/数据实习生,10-19,intern,https://sxsimg.xiaoyuanzhao.com/18/03/1882EC6AD007CC4BB1BA6B0316E8F003.png,inn_k2y6stn9o4kf
f,合肥,乐职网,5,False,1,False,200,100,数据分析师,10-19,intern,https://sxsimg.xiaoyuanzhao.com/EA/D8/EAE78B61C09E654823DE14C693249FD8.jpg,inn_vd7jtpae03j3
f,合肥,乐职网,5,False,1,False,200,150,数据挖掘/NLP工程师实习生,10-19,intern,https://sxsimg.xiaoyuanzhao.com/EA/D8/EAE78B61C09E654823DE14C693249FD8.jpg,inn_75tz3sbuhktq
f,合肥,趣链,3,False,1,False,200,150,数据采集(爬虫)工程师,10-19,intern,https://sxsimg.xiaoyuanzhao.com/37/E1/374C764BC3C40D8386BBC3AFFB067EE1.png,inn_uuhotqzfrbyy
f,上海,SAP,3,False,1,False,300,250,Business Intelligence(2020毕业),10-19,intern,https://sxsimg.xiaoyuanzhao.com/AA/21/AA207FF48EC576431A164EE909C48C21.png,inn_b04olf57amkx
f,北京,百度,4,False,0,False,200,150,数据挖掘实习工程师,10-18,intern,https://sxsimg.xiaoyuanzhao.com/0A/80/0A4DB3F4159F586B0E419CCFE6A34D80.png,inn_uu1a8q5egnp2
f,深圳,百度,4,False,0,False,200,150,数据挖掘实习工程师,10-18,intern,https://sxsimg.xiaoyuanzhao.com/0A/80/0A4DB3F4159F586B0E419CCFE6A34D80.png,inn_vkncsdyllmyt
f,广州,鼎捷软件,5,False,1,False,150,100,助理实施顾问,10-18,intern,https://sxsimg.xiaoyuanzhao.com/76/42/7684EAA530573313EB296B9E6D348942.jpg,inn_u4g4ilowkhhm
f,福州,佰聆数据,4,False,1,False,150,100,数据分析师（实习生）,10-18,intern,https://sxsimg.xiaoyuanzhao.com/2F/9A/2F3473D10E91E56FB9B6F2EB5EDAE19A.png,inn_nhu4qunnisst
f,上海,朱诺服饰,3,False,1,False,150,100,微信小程序前端/后端开发员,10-18,intern,https://sxsimg.xiaoyuanzhao.com/75/FE/75BFA4825B0DC0DA665F40D5F30F5FFE.png,inn_hzo5gl7henlc
f,上海,拍拍信,4,False,1,False,200,150,数据挖掘实习生,10-18,intern,https://sxsimg.xiaoyuanzhao.com/A2/7D/A2A805C14A40B6A088457C8CE8EAC47D.png,inn_cpxncavaxbnl
f,杭州,酷家乐,4,False,0,False,150,100,数据分析师（实习）,10-18,intern,https://sxsimg.xiaoyuanzhao.com/CF/49/CFA6B97BE3D2964FF2D1126BB24D1549.png,inn_acl5hth2eado
f,北京,巧达数据,4,False,1,False,250,200,数据挖掘工程师,10-18,intern,https://sxsimg.xiaoyuanzhao.com/18/1F/185833CDB9D9A6BE4601B2F389FBC81F.png,inn_sqmsxh04fzy0
f,北京,京东金融,5,False,0,False,200,150,征信分析实习生-数据分析方向,10-18,intern,https://sxsimg.xiaoyuanzhao.com/0F/4A/0F6D796D1FDD055EBD103EAA7F126B4A.jpg,inn_tghesfjucnod
f,上海,前海征信,4,False,1,False,150,100,数据分析师,10-18,intern,https://sxsimg.xiaoyuanzhao.com/59/1F/5943B7866A93D393FC9687FD50D1E71F.png,inn_nabnm9s4tilh
f,上海,BBDO,4,False,1,False,150,100,数据分析Data Analyst Intern,10-18,intern,https://sxsimg.xiaoyuanzhao.com/A1/E9/A10D245F66A50468E059B5DF5BB8F9E9.jpg,inn_jtxm6j2kgj78
f,广州,势必可赢Speakin,5,False,1,False,200,150,数据标注专员,10-18,intern,https://sxsimg.xiaoyuanzhao.com/A7/6E/A783EE5FAE1CFBB75AAAFEB57CA3686E.jpg,inn_vcyuqr17yi3b
f,南京,指南者教育,3,False,1,False,250,200,数据分析（Stata）实习生,10-18,intern,https://sxsimg.xiaoyuanzhao.com/04/50/0416C438CB831B9E82C0411D912BD550.png,inn_qmtmjhmgbjhh
f,常州,指南者教育,3,False,1,False,250,200,数据分析（Stata）实习生,10-18,intern,https://sxsimg.xiaoyuanzhao.com/04/50/0416C438CB831B9E82C0411D912BD550.png,inn_tvbcrstr3bgq
f,宁波,萌牙,5,False,1,False,200,150,数据分析,10-18,intern,https://sxsimg.xiaoyuanzhao.com/00/7A/0090D5AC76FF6ECF0D1A029944E4C87A.png,inn_vjsztc0u3dnv
f,北京,神州医疗,4,False,1,False,150,100,数据分析实习生（信号处理方向）,10-18,intern,https://sxsimg.xiaoyuanzhao.com/91/DE/91BB09E101289EDF5EFBA2444852B6DE.png,inn_e1kbvvoby2bh
f,上海,平安科技,4,False,1,False,300,200,数据挖掘工程师,10-18,intern,https://sxsimg.xiaoyuanzhao.com/99/B7/9934093BA0C3A665415E2CDAAAC7D5B7.jpeg,inn_akhmqmhearhh
f,上海,诚轩投资,5,False,1,False,150,100,程序员实习生,10-18,intern,https://sxsimg.xiaoyuanzhao.com/D3/12/D3DC42667687F989ECE5081919594812.jpg,inn_wthkzwegsyzw
f,广州,火烈鸟网络,4,False,1,False,150,100,数据挖掘工程师（2019届校招岗位）,10-18,intern,https://sxsimg.xiaoyuanzhao.com/65/26/6573D4AD145EF9590DD65C3B4EA6C426.png,inn_hkfasdfaxiob
f,广州,火烈鸟网络,4,False,1,False,180,110,数据挖掘工程师实习生,10-18,intern,https://sxsimg.xiaoyuanzhao.com/65/26/6573D4AD145EF9590DD65C3B4EA6C426.png,inn_zwpqtnjgezc3
f,上海,复星集团,4,False,1,False,150,100,数据采集梳理实习生,10-18,intern,https://sxsimg.xiaoyuanzhao.com/30/74/305DEA279158C071459CEF324E133B74.jpg,inn_zydc79dyl6ss
f,北京,蓦然认知/小蓦机器人,4,False,1,False,350,300,数据挖掘实习生,10-17,intern,https://sxsimg.xiaoyuanzhao.com/8E/47/8E3A5CBCE4623C9BA688712D8D8A1247.png,inn_xjhiqw97x41v
f,南京,compassedu指南者教育,3,False,1,False,150,100,数据分析（Python）实习生,10-17,intern,https://sxsimg.xiaoyuanzhao.com/45/06/45651E1AF30B6D8FECDC2CD236A63C06.jpg,inn_np2rihym7pod
f,上海,旻匠网络,4,False,0,False,200,150,数据分析实习生,10-17,intern,https://sxsimg.xiaoyuanzhao.com/6F/28/6FB4304BAD2C59AF94609973D3CF9228.png,inn_cahac5eam40l
f,上海,前隆金融,4,False,1,False,220,170,数据分析实习生,10-17,intern,https://sxsimg.xiaoyuanzhao.com/7B/F8/7BF965B98BF7540DDF94FBA39ECCCAF8.jpg,inn_gn7bxgmn12wl
f,广州,精点数据,4,False,1,False,200,100,大数据分析/挖掘实习生,10-17,intern,https://sxsimg.xiaoyuanzhao.com/22/B2/22CC264BEAF2CE98C4882C22D9492DB2.png,inn_1monbejdh4hj
f,上海,闻晓文化,5,False,1,False,200,150,信息审核录入员,10-17,intern,https://sxsimg.xiaoyuanzhao.com/1C/0D/1C6668E6E5DCAAA1FDC18024FCCB120D.png,inn_lcnhshmmld5i
f,上海,资证魔方,3,False,1,False,151,150,资产证券化量化业务实习生,10-17,intern,https://sxsimg.xiaoyuanzhao.com/1D/E9/1DB4709F97BB68658A7DB9E3ABF94DE9.png,inn_uflu9e9eey8f
f,上海,资证魔方,3,False,1,False,151,150,资产证券化量化业务实习生,10-17,intern,https://sxsimg.xiaoyuanzhao.com/1D/E9/1DB4709F97BB68658A7DB9E3ABF94DE9.png,inn_mrx76tz4uym4
f,上海,叽里呱啦,5,False,1,False,300,250,(2019校招)数据分析师,10-17,intern,https://sxsimg.xiaoyuanzhao.com/B4/54/B464340E15F6D86BF6CE349AA1E0E654.png,inn_uzhlltw38p5o
f,广州,点动信息,5,False,1,False,200,150,数据处理及工具开发（移）,10-17,intern,https://sxsimg.xiaoyuanzhao.com/0A/D5/0AC0F0ABA2DDA2500A1ABE1CB8222DD5.jpg,inn_eii3kzpq2cr7
f,广州,点动信息,5,False,1,False,200,150,内部质量室管理(移),10-17,intern,https://sxsimg.xiaoyuanzhao.com/0A/D5/0AC0F0ABA2DDA2500A1ABE1CB8222DD5.jpg,inn_jw9v2v1brhyv
f,北京,新浪网,4,False,1,False,200,150,数据挖掘实习生,10-17,intern,https://sxsimg.xiaoyuanzhao.com/F0/C7/F03636941A6A8CEB212FFAE847F1C9C7.png,inn_luiqsgbzuwq9
f,上海,萨摩耶金服,4,False,1,False,200,150,未来实验室实习生,10-17,intern,https://sxsimg.xiaoyuanzhao.com/96/DB/968094657C5296E6A60EC93490EAE9DB.png,inn_exvdepo7wzca
f,上海,萨摩耶金服,4,False,1,False,200,150,数据挖掘实习生,10-17,intern,https://sxsimg.xiaoyuanzhao.com/96/DB/968094657C5296E6A60EC93490EAE9DB.png,inn_c5rix0ngb9t5
f,上海,拍拍贷,3,False,1,False,200,150,2019校招-数据挖掘工程师,10-16,intern,https://sxsimg.xiaoyuanzhao.com/1A/80/1AC2EF5827D96906EB9526C660860980.jpg,inn_wjwoqxjbxis7
f,深圳,ChaiNext,3,False,1,False,150,100,数据分析实习生,10-16,intern,https://sxsimg.xiaoyuanzhao.com/B1/C6/B125B0D8196C7A143A11F936E70166C6.png,inn_ucryotdlckvk
f,上海,群星金融,5,False,1,False,150,130,数据分析,10-16,intern,https://sxsimg.xiaoyuanzhao.com/E0/85/E049BDED88C35900A8EF47AF2FB48B85.png,inn_cwlbbk7tk3wl
f,北京,百度,5,False,1,False,220,200,数据挖掘实习生,10-16,intern,https://sxsimg.xiaoyuanzhao.com/3E/3D/3E1F42C4AC29CDADFB729234AF43E03D.jpg,inn_4bm1rh6qcrh8
f,北京,美兰德,4,False,1,False,150,100,数据挖掘实习生,10-16,intern,https://sxsimg.xiaoyuanzhao.com/BF/9E/BF979F917B37FCB7D8F624CE007D459E.png,inn_4rhcdj2xhxwh
f,杭州,滴滴出行,4,False,1,False,300,250,数据分析岗位实习生,10-16,intern,https://sxsimg.xiaoyuanzhao.com/3C/D1/3C0BD69C2DC0C5222A061635FDC55BD1.jpg,inn_7lhehjbwgbec
f,广州,网易游戏,3,False,1,False,150,100,数据挖掘实习生,10-16,intern,https://sxsimg.xiaoyuanzhao.com/BE/3E/BE63BDD5923763403FBCE1B52528D73E.jpg,inn_p3e7lbe3vk0t
f,全国,乐有家,5,False,1,False,300,250,销售代表,10-16,intern,https://sxsimg.xiaoyuanzhao.com/21/4F/21C2298926D6A3607B676DABB0CD764F.png,inn_zzhajnns8mpj
f,北京,妙计旅行,5,False,1,False,240,140,数据挖掘实习生,10-16,intern,https://sxsimg.xiaoyuanzhao.com/02/D6/02931F467E11C55AF3B68DB6C9ECF9D6.jpg,inn_5mmrexob5ssv
f,北京,昆仑数据,4,False,1,False,400,300,数据分析师（工业过程建模与优化方向）,10-16,intern,https://sxsimg.xiaoyuanzhao.com/BF/87/BF3E184ED0895283BF1ED2454CDF6187.jpg,inn_fspjpwavjhut
f,北京,搜狗,4,False,1,False,250,200,搜索排序自然语言处理&机器学习实习生,10-16,intern,https://sxsimg.xiaoyuanzhao.com/A0/70/A003A27F68874AF7D13FA263318CFB70.jpg,inn_c7jwxwbzxazk
f,北京,搜狗,5,False,1,False,200,150,算法/数据分析/数据挖掘实习生,10-16,intern,https://sxsimg.xiaoyuanzhao.com/A0/70/A003A27F68874AF7D13FA263318CFB70.jpg,inn_sbhdauguq2yg
f,重庆,完美世界,4,False,1,False,150,100,数据工程师,10-16,intern,https://sxsimg.xiaoyuanzhao.com/21/BE/2175CC5D253851303BE2122A74A46ABE.jpg,inn_sr9wybabosof
f,北京,新浪微博,4,False,1,False,150,100,挖掘算法实习,10-16,intern,https://sxsimg.xiaoyuanzhao.com/34/89/34931547FD1FE42E9576BE1ECBACDD89.png,inn_td4mli7joerd
f,杭州,Eigen,5,False,1,False,300,200,算法实习生,10-16,intern,https://sxsimg.xiaoyuanzhao.com/4B/A8/4BFE3EA584B85AE250A61226FDBBF9A8.png,inn_aj5cwnuv7wak
f,北京,百度,4,False,1,False,220,200,大数据分析实习生,10-16,intern,https://sxsimg.xiaoyuanzhao.com/3E/3D/3E1F42C4AC29CDADFB729234AF43E03D.jpg,inn_mj4o0pj1lkbt
f,深圳,超级码力,5,False,1,False,200,150,数据挖掘工程师,10-16,intern,https://sxsimg.xiaoyuanzhao.com/34/08/34D08031DC2B83005F4FD739E4029A08.jpg,inn_neet0u3q5pr6
f,北京,蓝驰创投,4,False,1,False,150,100,机器学习实习生,10-16,intern,https://sxsimg.xiaoyuanzhao.com/8B/48/8BCB3932F554BD36CC6A21E3FAE1E948.png,inn_wpmrmxv6lxtr
f,杭州,网易人工智能事业部,5,False,1,False,150,100,数据挖掘实习生,10-16,intern,https://sxsimg.xiaoyuanzhao.com/81/2C/811D40A22992731C00ADBD166EAFD12C.png,inn_0umrpbbyqbo8
f,北京,字节跳动,3,False,1,False,500,400,数据挖掘实习生,10-16,intern,https://sxsimg.xiaoyuanzhao.com/69/8D/69D89E01806ACAEE6472C6D5D5C7CC8D.jpg,inn_ykqpcupnxfqb
f,北京,字节跳动,3,False,1,False,500,400,数据抓取实习生,10-16,intern,https://sxsimg.xiaoyuanzhao.com/69/8D/69D89E01806ACAEE6472C6D5D5C7CC8D.jpg,inn_jff17amzrpkn
f,上海,麦穗人工智能,5,False,1,False,400,280,机器学习开发实习,10-16,intern,https://sxsimg.xiaoyuanzhao.com/A5/80/A5FB767DBCE5B2A959C407F2406CB780.png,inn_4cuinbwdiqro
f,成都,向己科技,5,False,1,False,150,100,数据标注实习生,10-16,intern,https://sxsimg.xiaoyuanzhao.com/7B/47/7B43FA0A4627BD6C4869BC00D873B847.png,inn_mrdepjqvde1r
f,杭州,小影短视频,5,False,1,False,200,150,算法/数据挖掘工程师－校招,10-16,intern,https://sxsimg.xiaoyuanzhao.com/E6/91/E6CE088BC7FC2877288CAE1BA0525491.png,inn_ix3ajpvzrsop
f,北京,新浪微博,5,False,1,False,0,0,推荐算法实习生／数据挖掘实习生,10-16,intern,https://sxsimg.xiaoyuanzhao.com/84/56/84C74A313E686CEDAFD1095028D24456.png,inn_o7vt95vuhas8
f,上海,三零卫士,4,False,1,False,200,150,安全研究员,10-15,intern,https://sxsimg.xiaoyuanzhao.com/BB/C4/BB6AB56FD879E16AAEB6C1353C5B34C4.jpg,inn_nvdstkaqxdwr
f,深圳,腾讯,5,False,1,False,201,200,数据挖掘机器学习算法工程师（20届）,10-15,intern,https://sxsimg.xiaoyuanzhao.com/77/56/774790A6E764F9F3E1D1816966490F56.png,inn_btgg1xncafqz
f,深圳,腾讯,5,False,1,False,201,200,数据挖掘机器学习算法工程师（20届）,10-15,intern,https://sxsimg.xiaoyuanzhao.com/77/56/774790A6E764F9F3E1D1816966490F56.png,inn_ybmp6yecb0ar
f,上海,快牛金科,4,False,1,False,250,200,BI实习生,10-15,intern,https://sxsimg.xiaoyuanzhao.com/D3/A0/D3DE31AA88009CC2116D5DFFC683E6A0.jpg,inn_o9wbi1qnbmoq
f,北京,志诺维思,3,False,1,False,250,200,算法工程师（自然语言处理）,10-15,intern,https://sxsimg.xiaoyuanzhao.com/4B/75/4B4C5E70316199F0FF1337E1EE3F1575.png,inn_pgthbyzzteny
f,北京,因诺资产,4,False,1,False,250,200,量化数据实习生,10-15,intern,https://sxsimg.xiaoyuanzhao.com/14/B3/149A16ADF81CD046B39128B84328E2B3.png,inn_fpxd0sv5qlex
f,北京,IDC咨询,4,False,1,False,150,100,Research分析师实习生,10-15,intern,https://sxsimg.xiaoyuanzhao.com/71/96/71C1FA5D34DBA6A5314314B52C8A0996.png,inn_cr9joqlprtuv
f,北京,人人公司,5,False,1,False,2,1,人人事业部-TP-数据挖掘工程师,10-15,intern,https://sxsimg.xiaoyuanzhao.com/E1/C2/E1795F017839EC48CAA1847BBAC502C2.jpg,inn_qnaz845xt5oz
f,广州,留海科技,4,False,1,False,120,100,数据分析实习生,10-15,intern,https://sxsimg.xiaoyuanzhao.com/D0/9E/D0848DCCCEFF273F1C09D531630F8F9E.png,inn_udnbqiuyvahh
f,北京,便利蜂,4,False,1,False,298,200,数据挖掘,10-15,intern,https://sxsimg.xiaoyuanzhao.com/52/F6/527866DB4EEF8958FEC3A2A7ECCC7DF6.png,inn_z0lr90eh15r1
f,长沙,Sandalwood Advisors,5,False,1,False,200,150,爬虫工程师,10-15,intern,https://sxsimg.xiaoyuanzhao.com/04/2F/04E08D158423F8A964EB485C77365F2F.png,inn_nt56ic1xicdq
f,北京,德昂公司,5,False,1,False,150,100,数据分析数据挖掘实习生,10-15,intern,https://sxsimg.xiaoyuanzhao.com/company_logo/2015-44/f5X98NjZSbRPJEM.jpg,inn_7wqowonvmqyx
f,北京,龙图游戏,4,False,0,False,0,0,数据挖掘工程师-2019届校招,10-15,intern,https://sxsimg.xiaoyuanzhao.com/B3/8E/B35C2F427E2BFF2E1F5D6B7496B8C78E.jpg,inn_0uws80vriddf
f,天津,搜狐,5,False,1,False,200,150,数据挖掘方向实习生,10-15,intern,https://sxsimg.xiaoyuanzhao.com/94/93/94BC427ED7872FD502E14342F2BA0A93.jpg,inn_15ulz2vimv9c
f,北京,京东,3,False,1,False,150,100,数据分析实习生,10-15,intern,https://sxsimg.xiaoyuanzhao.com/AA/27/AA99A3B0B5B22B9A03E78850E0D8A227.png,inn_arthodniczn9
f,北京,Opera,3,False,1,False,400,300,风控数据挖掘工程师-2019年毕业,10-15,intern,https://sxsimg.xiaoyuanzhao.com/FA/38/FAE0A29AB9839B173A116BF34102EC38.png,inn_u8oripz1crha
f,北京,思图场景,3,False,1,False,200,100,研发工程师助理,10-15,intern,https://sxsimg.xiaoyuanzhao.com/1F/2E/1F0A427286413E193322C7ED317EC62E.jpg,inn_5kqojkrmgw2p
f,上海,eBay,3,False,1,False,185,175,Marketing Analytics,10-15,intern,https://sxsimg.xiaoyuanzhao.com/CC/A6/CC02C742C0CD9430B7C85470C63530A6.png,inn_kyghrnvosf0p
f,上海,eBay,5,False,1,False,200,150,数据分析,10-15,intern,https://sxsimg.xiaoyuanzhao.com/CC/A6/CC02C742C0CD9430B7C85470C63530A6.png,inn_kpmrb5a0vg5e
f,北京,字节跳动,3,False,1,False,500,400,搜索架构研发实习生,10-15,intern,https://sxsimg.xiaoyuanzhao.com/69/8D/69D89E01806ACAEE6472C6D5D5C7CC8D.jpg,inn_mzd66has6cnq
f,上海,泛为科技,5,False,1,False,200,150,算法工程师（数据挖掘）实习,10-15,intern,https://sxsimg.xiaoyuanzhao.com/C8/70/C8D31C61DCB8E690FEF634D6C2747970.png,inn_atko22ejlzqw
f,北京,字节跳动,3,False,0,False,500,400,数据抓取实习生,10-15,intern,https://sxsimg.xiaoyuanzhao.com/69/8D/69D89E01806ACAEE6472C6D5D5C7CC8D.jpg,inn_jh597j1ngbqt
f,北京,联想,5,False,1,False,250,200,数据分析实习生,10-15,intern,https://sxsimg.xiaoyuanzhao.com/3B/F2/3B033346214A391B2A6EA72E861AD9F2.jpg,inn_xbywzdunzoui
f,上海,长江众创,3,False,1,False,200,150,数据分析师,10-15,intern,https://sxsimg.xiaoyuanzhao.com/46/29/4620514FBC1ED3975DE632C50402D829.png,inn_0zghvkbpqmqz
f,常州,指南者留学,3,False,1,False,250,200,数据分析（Stata）实习生（常州）,10-15,intern,https://sxsimg.xiaoyuanzhao.com/45/06/45651E1AF30B6D8FECDC2CD236A63C06.jpg,inn_zqfxzdisla0v
f,南京,指南者留学,3,False,1,False,250,200,数据分析（Stata）实习生,10-15,intern,https://sxsimg.xiaoyuanzhao.com/45/06/45651E1AF30B6D8FECDC2CD236A63C06.jpg,inn_kgtxbzn2g6h0
f,上海,平安科技,3,False,1,False,400,300,数据挖掘工程师,10-15,intern,https://sxsimg.xiaoyuanzhao.com/CD/CB/CDE1220DED778746ADB51211C77EB4CB.jpg,inn_icpwx3ewptrq
f,上海,数行科技,3,False,1,False,200,150,数据分析师,10-15,intern,https://sxsimg.xiaoyuanzhao.com/B3/58/B3841D4E7297B5EBE16FA3ECB1B37C58.jpg,inn_ytnzf00ujbvm
f,杭州,网易游戏,4,False,1,False,201,150,数据挖掘实习生,10-14,intern,https://sxsimg.xiaoyuanzhao.com/B0/E4/B00FD20AE1431CF1143AA76CC5AD4CE4.jpg,inn_1wn57qqr0uut
f,北京,今日头条,4,False,1,False,300,200,广告数据实习生,10-13,intern,https://sxsimg.xiaoyuanzhao.com/69/8D/69D89E01806ACAEE6472C6D5D5C7CC8D.jpg,inn_acswbvavxc74
f,北京,北研院,3,False,1,False,250,150,数据挖掘实习生,10-13,intern,https://sxsimg.xiaoyuanzhao.com/DF/05/DF85B8938820CEEDD3C7F44AA51CB505.png,inn_qvk6duhgsp9a
f,南京,地平线机器人技术,4,False,0,False,150,100,TTS数据标注实习生,10-12,intern,https://sxsimg.xiaoyuanzhao.com/19/EF/193D9B69EA244FFE036EEFE70A0221EF.jpg,inn_akrbx6kxjiak
f,上海,梨视频,4,False,1,False,300,200,数据挖掘实习生,10-12,intern,https://sxsimg.xiaoyuanzhao.com/EF/75/EF1AD0F1997A3D1EC7AF2AD5A7E74275.png,inn_qmo5z0u61oya
f,北京,法伯宏业,4,False,1,False,150,100,数据分析实习生,10-12,intern,https://sxsimg.xiaoyuanzhao.com/94/8B/94A810E9996393E2714B02794AACE38B.png,inn_jo086axktqms
f,北京,汽车之家,4,False,1,False,200,150,画像算法实习生,10-12,intern,https://sxsimg.xiaoyuanzhao.com/96/FD/96CC7642B9E9D9F7B0B332309103CCFD.png,inn_ub0zrbc07hcw
f,北京,滴滴,4,False,1,False,250,200,大数据挖掘实习生,10-12,intern,https://sxsimg.xiaoyuanzhao.com/CF/03/CF68C6D9B996C165F8281689193D7303.jpg,inn_kzgyrzymrzeo
f,北京,滴滴,4,False,1,False,261,259,数据挖掘实习生,10-12,intern,https://sxsimg.xiaoyuanzhao.com/CF/03/CF68C6D9B996C165F8281689193D7303.jpg,inn_gd33hajjwhwp
f,杭州,华信设计,5,False,1,False,150,100,大数据挖掘与分析实习生（杭州）,10-12,intern,https://sxsimg.xiaoyuanzhao.com/EE/27/EE436CCA5837D80A68791C791F059827.png,inn_cnyt3e6j8ny9
f,上海,声网,3,False,1,False,300,250,数据挖掘实习生,10-11,intern,https://sxsimg.xiaoyuanzhao.com/CA/80/CAA5B77FE076154C707102A0E63BF980.png,inn_9osinzwgb1pv
f,北京,中科院软件所,4,False,1,False,200,120,安全工程师,10-11,intern,https://sxsimg.xiaoyuanzhao.com/F2/D6/F2DCE183DB4D010C49348C45077FD9D6.png,inn_4amfwd1dkfza
f,上海,维信金科,3,False,0,False,150,100,BI实习生,10-11,intern,https://sxsimg.xiaoyuanzhao.com/01/EC/01E443A4A4AC2E635D4B3D07F61389EC.png,inn_xg86z6rz18h4
f,北京,资产360,5,False,1,False,150,100,数据挖掘实习生,10-11,intern,https://sxsimg.xiaoyuanzhao.com/41/75/4129B2E5E2BC082A5ED76D3387B17C75.png,inn_93rn9tkltwlb
f,北京,小糖互联,4,False,1,False,250,200,数据挖掘/推荐算法实习生,10-11,intern,https://sxsimg.xiaoyuanzhao.com/E0/41/E00ADD1F2702CD5E3718D9F90A626641.png,inn_fd9ufmzvv5wx
f,北京,京东,5,False,1,False,2,1,数据挖掘工程师,10-11,intern,https://sxsimg.xiaoyuanzhao.com/AA/27/AA99A3B0B5B22B9A03E78850E0D8A227.png,inn_ujeclafld92m
f,北京,好未来学而思培优,4,False,0,False,250,200,数据开发实习生,10-11,intern,https://sxsimg.xiaoyuanzhao.com/15/E3/159C5C994FF082F5EE839C870B5BD1E3.jpg,inn_usrwvrgkitzd
f,北京,资产360,5,False,1,False,150,100,数据分析实习生,10-11,intern,https://sxsimg.xiaoyuanzhao.com/41/75/4129B2E5E2BC082A5ED76D3387B17C75.png,inn_kj9nohoqalez
f,北京,人人车,5,False,1,False,200,100,数据分析实习生,10-11,intern,https://sxsimg.xiaoyuanzhao.com/0B/B8/0B545B6A43DD6DB91BCAC5D40D9731B8.png,inn_z1gp3rlekiir
f,北京,人人车,4,False,1,False,200,150,数据挖掘实习生,10-11,intern,https://sxsimg.xiaoyuanzhao.com/0B/B8/0B545B6A43DD6DB91BCAC5D40D9731B8.png,inn_mqs3cs46uccd
f,北京,洋葱数学,4,False,1,False,150,100,数据标注实习生,10-11,intern,https://sxsimg.xiaoyuanzhao.com/43/2F/43F1B3624EA1672AF80B72029634C32F.jpg,inn_2pcycjekpahw
f,北京,洋葱数学,3,False,1,False,300,150,数据挖掘实习生,10-11,intern,https://sxsimg.xiaoyuanzhao.com/43/2F/43F1B3624EA1672AF80B72029634C32F.jpg,inn_xmdpuc2vwrdm
f,北京,学而思培优,4,False,0,False,300,250,数据研发实习生,10-10,intern,https://sxsimg.xiaoyuanzhao.com/24/D3/24748390465B9E0CA9664513448F93D3.png,inn_mzwwpwyxgzgb
f,北京,奇虎360,4,False,0,False,200,150,数据挖掘实习生​,10-10,intern,https://sxsimg.xiaoyuanzhao.com/26/1C/26E852051943C98DEBB48439BDE2091C.jpg,inn_sklo9mi9adkd
f,北京,今日头条,4,False,1,False,320,280,数据仓库与数据分析实习生,10-10,intern,https://sxsimg.xiaoyuanzhao.com/69/8D/69D89E01806ACAEE6472C6D5D5C7CC8D.jpg,inn_nxszdob7kzig
f,广州,Datastory数说故事,4,False,1,False,200,150,爬虫工程师实习生,10-10,intern,https://sxsimg.xiaoyuanzhao.com/D2/26/D250003C2CA6D1C5B1D1C5D06EBBEE26.png,inn_qxlfppzxeg8g
f,北京,WiFi万能钥匙,4,False,1,False,200,150,数据挖掘/自然语言处理算法实习生,10-10,intern,https://sxsimg.xiaoyuanzhao.com/55/33/5573551BE4BFC9984394F27629DDDE33.png,inn_95p9vg7tsqzw
f,北京,百度,4,False,1,False,200,150,知识图谱数据研发工程师,10-10,intern,https://sxsimg.xiaoyuanzhao.com/0A/80/0A4DB3F4159F586B0E419CCFE6A34D80.png,inn_edd8y6gkcqcd
f,杭州,网易游戏,4,False,0,False,200,150,数据采集实习生,10-10,intern,https://sxsimg.xiaoyuanzhao.com/B0/E4/B00FD20AE1431CF1143AA76CC5AD4CE4.jpg,inn_ch9jtvpjoqia
f,武汉,武汉安天,4,False,1,False,150,100,数据挖掘实习生,10-10,intern,https://sxsimg.xiaoyuanzhao.com/company_logo/2015-16/GQVOh0SP2CaTERF.jpg,inn_ubeigbjabtyy
f,北京,易宝支付,5,False,1,False,0,0,数据分析师（2019年应届生）,10-10,intern,https://sxsimg.xiaoyuanzhao.com/18/A5/18027FF255E68F595EB65A222F99F6A5.jpg,inn_rnfhrfjopexr
f,北京,爱云动,5,False,1,False,150,120,数据开发实习工程师,10-10,intern,https://sxsimg.xiaoyuanzhao.com/D7/F7/D7C58A3234788B79170657E41F068CF7.jpg,inn_rnmxwquxebsx
f,北京,凤凰金融,4,False,1,False,160,150,挖掘工程师（2018校招）,10-10,intern,https://sxsimg.xiaoyuanzhao.com/D3/23/D3E278C8A8139BA2F988B5737034DD23.png,inn_okhnftg9yemy
f,北京,凤凰金融,5,False,1,False,160,150,NLP工程师,10-10,intern,https://sxsimg.xiaoyuanzhao.com/D3/23/D3E278C8A8139BA2F988B5737034DD23.png,inn_ysg56tyjd1dj
f,成都,琦行科技,5,False,1,False,136,68,数据标注员/数据审核员,10-10,intern,https://sxsimg.xiaoyuanzhao.com/A0/4F/A07D4B625B58D0907914F80929E6564F.jpg,inn_2014gux5aqyv
f,北京,海尔智慧家庭北京创新中心,4,False,1,False,200,150,NLP数据实习生,10-09,intern,https://sxsimg.xiaoyuanzhao.com/B2/86/B2CB705F43917FC00D751A4052221F86.jpg,inn_itmpadrfu0pw
f,济南,亚信科技,5,False,1,False,150,100,电信业大数据分析挖掘岗,10-09,intern,https://sxsimg.xiaoyuanzhao.com/BF/A0/BFC35B81764259089B7632BE0047DAA0.jpg,inn_9hfmitbxwdza
f,北京,京东金融,5,False,1,False,200,150,数据分析实习生-量化决策方向,10-09,intern,https://sxsimg.xiaoyuanzhao.com/0F/4A/0F6D796D1FDD055EBD103EAA7F126B4A.jpg,inn_hvhg5qipbigd
f,上海,斑马,5,False,1,False,800,500,2019届校招——数据分析师/数据服务开发工程师,10-09,intern,https://sxsimg.xiaoyuanzhao.com/B0/2A/B05E07EBE3F519764B30C84B452CAB2A.png,inn_1zdinmvd99bi
f,成都,国铁电气,5,False,1,False,100,50,初级数据分析员,10-09,intern,https://sxsimg.xiaoyuanzhao.com/CD/C8/CD96C3811DD4C20200F609D9AFCB3AC8.png,inn_pva0nnoeiosr
f,南京,佳泰得,5,False,1,False,150,100,大数据工程师,10-09,intern,https://sxsimg.xiaoyuanzhao.com/BB/2D/BB42507654D5F169C05789FDEF01AA2D.png,inn_sdwf2a0qksds
f,北京,慧安金科,5,False,1,False,400,200,大数据实习生,10-09,intern,https://sxsimg.xiaoyuanzhao.com/55/76/5599D787ED9BD014ED8FD8919E627F76.png,inn_znescgnpthh6
f,北京,北京链家,4,False,1,False,250,200,数据分析实习生,10-09,intern,https://sxsimg.xiaoyuanzhao.com/8C/D4/8C0002C17113774048AD35A51ABA8FD4.jpg,inn_lheeqjteq1jz
f,上海,Fir.ai,5,False,1,False,200,150,行业研究员,10-08,intern,https://sxsimg.xiaoyuanzhao.com/E9/49/E9576BAFA919A4B6062A27BE4D6FAD49.png,inn_jk5zfycrobm4
f,北京,网易有道,4,False,1,False,250,200,数据挖掘实习生,10-08,intern,https://sxsimg.xiaoyuanzhao.com/3D/31/3DFFD4ED4083B7B51971DC8210DEAD31.png,inn_ezjwvz2njkdn
f,济南,亚信科技,5,False,1,False,150,100,大数据分析挖掘工程师,10-08,intern,https://sxsimg.xiaoyuanzhao.com/BA/3B/BAD25D660674E015E42C177A110C2A3B.png,inn_jawuax4rjhzo
f,杭州,滴滴出行,5,False,1,False,200,150,HM 杭州 运营实习生（数据分析方向）,10-08,intern,https://sxsimg.xiaoyuanzhao.com/3E/AF/3E4255D3B3EA03C6AD8781596746E0AF.jpg,inn_ilqsudpjeqjs
f,北京,百度,4,False,1,False,200,150,实习算法工程师,10-08,intern,https://sxsimg.xiaoyuanzhao.com/D6/AA/D6B364EB408649F1DA7A5C6BBFE47DAA.jpg,inn_ie6nczqipuw6
f,重庆,亚信科技,5,False,1,False,2,1,大数据挖掘分析实习生,10-08,intern,https://sxsimg.xiaoyuanzhao.com/BA/3B/BAD25D660674E015E42C177A110C2A3B.png,inn_gvnadfyajrll
f,北京,法伯宏业,4,False,1,False,150,100,数据分析实习生,10-08,intern,https://sxsimg.xiaoyuanzhao.com/94/8B/94A810E9996393E2714B02794AACE38B.png,inn_gtj6cmc6vij6
f,上海,极熵数据,3,False,1,False,300,200,数据挖掘工程师实习生,10-08,intern,https://sxsimg.xiaoyuanzhao.com/75/1B/75272C700493FE14C326DE7B868AF11B.png,inn_h3uwrpuakyc8
f,广州,3k游戏,4,False,1,False,300,250,数据挖掘（2019校招）,10-08,intern,https://sxsimg.xiaoyuanzhao.com/15/BD/153004CCB7572E330B045B96357D6ABD.png,inn_mkg7b0r8h8z9
f,上海,金融壹账通,3,False,1,False,200,150,数据挖掘分析,10-08,intern,https://sxsimg.xiaoyuanzhao.com/5F/32/5F02588635A88C0ABFF009D4BC383F32.jpg,inn_jy7pxslnaebp
f,北京,Zenjoy,5,False,1,False,300,250,数据挖掘工程实习生,10-08,intern,https://sxsimg.xiaoyuanzhao.com/05/55/05794256C1ED2C1F174C4D1A54579555.jpg,inn_kjpfah83kugk
f,成都,清华四川能源互联网研究院,3,False,1,False,150,100,数据挖掘实习生（能源传感研究所）,10-08,intern,https://sxsimg.xiaoyuanzhao.com/E7/F7/E7F356E4041A136D288E70D7DA4BECF7.jpg,inn_yxigrtjxivzm
f,北京,博慧医数,5,False,1,False,194,100,数据分析师,10-08,intern,https://sxsimg.xiaoyuanzhao.com/8A/4D/8A895F3FDD2064538A889F79F286364D.jpg,inn_bi26d8n2qzer
f,上海,职业蛙,4,False,1,False,125,100,实习生（数据分析方向）,10-08,intern,https://sxsimg.xiaoyuanzhao.com/E8/60/E81162B184F84648C589FE6DDA365D60.png,inn_flq8itmopvfk
f,上海,阅文集团,4,False,1,False,250,200,数据挖掘实习生,09-30,intern,https://sxsimg.xiaoyuanzhao.com/F9/10/F931FECF79984F4CB3AD5D6949B31410.png,inn_i5fxb6djwsoo
f,武汉,远光软件,5,False,1,False,150,100,数据工程师（2019届毕业生）,09-29,intern,https://sxsimg.xiaoyuanzhao.com/6D/6D/6DCB3562D4C5E27DA8C24A80090BEA6D.png,inn_putooz8xvus6
f,重庆,邂智科技,4,False,1,False,150,100,算法工程师(实习),09-28,intern,https://sxsimg.xiaoyuanzhao.com/90/BA/902ED59D254AA84E2B63932E17C12EBA.png,inn_4dkwn3hpbprh
f,重庆,邂智科技,5,False,1,False,150,100,知识库编辑,09-28,intern,https://sxsimg.xiaoyuanzhao.com/90/BA/902ED59D254AA84E2B63932E17C12EBA.png,inn_l7yqswul31dj
f,北京,安易信,4,False,1,False,150,100,数据运营（实习）,09-27,intern,https://sxsimg.xiaoyuanzhao.com/A0/26/A0AB8FDA86A07CDF53D6C6CB2A194126.png,inn_qea1tp8vivaz
f,上海,数云信息,4,False,0,False,200,150,BI售后工程师,09-25,intern,https://sxsimg.xiaoyuanzhao.com/A1/7E/A1C0C2ACF493B2AF08AC32C0AD06B67E.png,inn_jocx7wa4vv51
f,北京,滴滴出行,5,False,1,False,300,200,DS-数据分析实习生,09-25,intern,https://sxsimg.xiaoyuanzhao.com/3C/D1/3C0BD69C2DC0C5222A061635FDC55BD1.jpg,inn_gsitn3r9nfp8
f,杭州,网易,5,False,1,False,200,150,数据挖掘实习生,09-25,intern,https://sxsimg.xiaoyuanzhao.com/81/2C/811D40A22992731C00ADBD166EAFD12C.png,inn_ikwqpg4dy2wj
f,深圳,比特大陆,4,False,1,False,200,150,数据实习生,09-22,intern,https://sxsimg.xiaoyuanzhao.com/11/B8/11ED28DBEE8427424FCB55647C6F9DB8.png,inn_gbyprfvxfniq
f,济南,先进数通,5,False,1,False,0,0,ETL实习生,09-20,intern,https://sxsimg.xiaoyuanzhao.com/73/A8/739B2AD39FE59481D4B1FA4B93D418A8.png,inn_jwjbxumn2piu
f,北京,国邮研,3,False,0,False,150,100,数据挖掘分析,09-19,intern,https://sxsimg.xiaoyuanzhao.com/55/F6/554A2B445AC93000F00BDE3BD42484F6.png,inn_ufcllhcsxgyc
f,北京,易鑫集团,5,False,1,False,200,150,数据挖掘工程师（实习生）,09-18,intern,https://sxsimg.xiaoyuanzhao.com/68/36/6839CB0DCDAA34E65FDDAEC50BD0A236.png,inn_nhl9xyta1dbl
f,全国,Teradata天睿信科,4,False,1,False,200,120,数据分析与挖掘,09-18,intern,https://sxsimg.xiaoyuanzhao.com/9E/29/9EF8D65BD00807B39E3CCC215E89D529.jpg,inn_haz03zdprlgu
f,北京,吉因加,4,False,1,False,140,100,医学大数据分析师,09-18,intern,https://sxsimg.xiaoyuanzhao.com/78/4C/780C1E6C5CB7935E5B8A09444027494C.png,inn_q1dvo9zu2ydb
f,嘉兴,森马电商,5,False,1,False,300,200,物流数据分析方向,09-17,intern,https://sxsimg.xiaoyuanzhao.com/4B/CC/4B600408D595CC7F0475981E070DA9CC.jpg,inn_mwzelggwsosv
f,北京,嗖嗖身边,4,False,0,False,150,100,数据实习生,09-17,intern,https://sxsimg.xiaoyuanzhao.com/22/21/229AAC578C8AA9D5CF96761F6AD35021.png,inn_kijalcqv4eum
f,上海,美特斯邦威,3,False,1,False,200,150,大数据与分析类实习生,09-17,intern,https://sxsimg.xiaoyuanzhao.com/B6/ED/B6F896B56A867ED8E5EFE2B324712CED.png,inn_dwfao6el0xlk
f,北京,字节跳动,4,False,1,False,400,200,数据挖掘算法实习生 - 国际化,09-17,intern,https://sxsimg.xiaoyuanzhao.com/69/8D/69D89E01806ACAEE6472C6D5D5C7CC8D.jpg,inn_zmgypd14lwyd
f,南京,孩子王,4,False,1,False,150,100,数据挖掘工程师（19/20届）,09-15,intern,https://sxsimg.xiaoyuanzhao.com/08/7B/0833F7C7DCA440E5E60199913D17F87B.png,inn_g1zl47wl1zrb
f,北京,超对称,5,False,1,False,300,150,爬虫实习生,09-12,intern,https://sxsimg.xiaoyuanzhao.com/04/62/04A326270F71A1F9ADBD37B8D8E3BD62.png,inn_fplfmfui556l
f,上海,饿了么,5,False,1,False,150,100,数据分析师,09-12,intern,https://sxsimg.xiaoyuanzhao.com/3B/5F/3B753CDD2EA08941CCEDF60DF1657B5F.png,inn_r6fgj83tfroz
f,北京,WeHome,5,False,1,False,200,150,数据实习生,09-07,intern,https://sxsimg.xiaoyuanzhao.com/BD/18/BD69652367C9B0C84825AACDA47FC118.jpg,inn_4idev5jfj54h
f,北京,百融金服,5,False,1,False,200,150,数据分析师实习生,09-04,intern,https://sxsimg.xiaoyuanzhao.com/D6/13/D61E2DA7967E89AE41A5B85229665413.png,inn_3sssizadnici
f,北京,瓜子二手车,3,False,1,False,300,250,数据挖掘工程师,09-03,intern,https://sxsimg.xiaoyuanzhao.com/B6/EA/B64997D0C61C515D6AA4359B6175B1EA.jpg,inn_6ek4esrg5xws
f,北京,去哪儿网,4,False,1,False,200,150,数据开发实习生,08-30,intern,https://sxsimg.xiaoyuanzhao.com/EB/62/EB9EA26CF573E16B61DE4142DD648562.png,inn_w6kv77io35yy
f,杭州,贝贝网,4,False,1,False,150,100,BI数据分析师（2019届校招职位）,08-29,intern,https://sxsimg.xiaoyuanzhao.com/0F/36/0F57D6F8718DDD82628CE6B3258EB536.jpg,inn_ctq9axjc0umd
f,天津,数能科技,3,False,1,False,150,100,数据整理,08-28,intern,https://sxsimg.xiaoyuanzhao.com/EC/8C/EC8B13D3CCE60A9684CB7AC5C925888C.jpg,inn_dxbuvxo4zm7f
f,北京,摩笔神奇,5,False,1,False,200,150,风控数据实习生,08-28,intern,https://sxsimg.xiaoyuanzhao.com/1E/29/1E3AEA4D6001E645B5DFBE2F68F04129.png,inn_sufyit2zfetv
f,北京,先进数通,5,False,1,False,150,100,ETL及数据分析工程师,08-27,intern,https://sxsimg.xiaoyuanzhao.com/23/4A/23EF26EAB47243E09175C8641BEB9F4A.jpg,inn_1wkbnkdjhour
f,上海,汇纳科技,3,False,1,False,120,100,数据分析师实习生,08-27,intern,https://sxsimg.xiaoyuanzhao.com/A0/17/A095962D2D25F5881CC162E4CB82C317.png,inn_pjvcfd6rb8wu
f,广州,东方国信,5,False,1,False,200,115,实习工程师岗位（JAVA开发/数据开发/数据分析挖掘方向),08-20,intern,https://sxsimg.xiaoyuanzhao.com/22/7B/22B423F3ACCB56C620622B3396FFD07B.jpg,inn_ajuh2mednnzp
f,北京,宜信,5,False,1,False,400,300,数据挖掘工程师,08-18,intern,https://sxsimg.xiaoyuanzhao.com/91/4E/91AAF375412858CF25BA7FB788570C4E.jpg,inn_dnlfw6pwempi
f,北京,人人公司,5,False,0,False,150,100,数据挖掘工程师,08-16,intern,https://sxsimg.xiaoyuanzhao.com/E1/C2/E1795F017839EC48CAA1847BBAC502C2.jpg,inn_xsifokuz0lb7
f,北京,闪银奇异,4,False,1,False,500,300,机器学习工程师,08-09,intern,https://sxsimg.xiaoyuanzhao.com/EA/87/EA5FA6DCE33B798169DB29AD9E648187.png,inn_jwvecb58zhje
f,北京,闪银奇异,5,False,1,False,500,250,数据挖掘工程师,08-09,intern,https://sxsimg.xiaoyuanzhao.com/EA/87/EA5FA6DCE33B798169DB29AD9E648187.png,inn_f4y7kq63rmuz
f,北京,作业帮,4,False,1,False,300,200,算法/数据挖掘实习生,08-08,intern,https://sxsimg.xiaoyuanzhao.com/E5/85/E58244132DAD06C9B21180DDE2E4C585.jpg,inn_xuruwz0zcm2w
f,杭州,中控信息,3,False,1,False,150,100,GIS开发工程师,08-06,intern,https://sxsimg.xiaoyuanzhao.com/47/66/47E4E88B42766B357A031C542E1C3766.png,inn_zhxwgrwvdrua
f,北京,人人车,5,False,1,False,200,150,数据挖掘实习生,08-02,intern,https://sxsimg.xiaoyuanzhao.com/5A/BF/5A266301AD7412A4E6B12B1E03971BBF.jpg,inn_get0s3r9csrl
f,北京,Talent X,3,False,1,False,150,120,数据分析实习生,07-27,intern,https://sxsimg.xiaoyuanzhao.com/41/C7/41F6C3CA2985CC0640396E5E17D2D5C7.png,inn_c75ex5udmpco
f,北京,网易,4,False,1,False,200,160,数据挖掘实习生,07-25,intern,https://sxsimg.xiaoyuanzhao.com/81/2C/811D40A22992731C00ADBD166EAFD12C.png,inn_alndunr1tyl9
f,广州,BIGO,5,False,1,False,500,400,2019届校招岗-数据挖掘算法工程师,07-20,intern,https://sxsimg.xiaoyuanzhao.com/78/55/783C4B7933B46E9FB7F92A52E5B32855.png,inn_d4oxwxrrjuyw
f,北京,懂车帝| 今日头条,5,False,1,False,401,399,数据开发实习生,07-19,intern,https://sxsimg.xiaoyuanzhao.com/37/E4/37FCE497CE16F3324BFE41CED48D6EE4.jpg,inn_odqtlyne4ggi
f,深圳,北斗院,5,False,1,False,100,99,数据挖掘实习生,06-21,intern,https://sxsimg.xiaoyuanzhao.com/2C/E9/2CBD1D0433DB49CEDEDDAA044BA9B3E9.png,inn_pmjgeec2jxij
f,上海,元扈保险咨询,5,False,1,False,101,100,数据分析专员（实习生）,06-05,intern,https://sxsimg.xiaoyuanzhao.com/B7/D7/B77B45908CD40E50E6B2246E8C990ED7.png,inn_e07joj9tlqim
f,上海,元扈保险咨询,4,False,1,False,101,100,数据分析专员（实习生）,06-05,intern,https://sxsimg.xiaoyuanzhao.com/B7/D7/B77B45908CD40E50E6B2246E8C990ED7.png,inn_3gyrljn52f25
f,上海,元扈保险咨询,5,False,1,False,110,100,数据分析（实习生）,06-05,intern,https://sxsimg.xiaoyuanzhao.com/B7/D7/B77B45908CD40E50E6B2246E8C990ED7.png,inn_tl6nd9y2oybo
f,北京,作业帮,4,False,1,False,300,200,算法/数据挖掘实习生,06-04,intern,https://sxsimg.xiaoyuanzhao.com/E5/85/E58244132DAD06C9B21180DDE2E4C585.jpg,inn_bpalmr6ezhvn
f,北京,作业帮,3,False,1,False,300,200,数据挖掘/算法实习生,05-29,intern,https://sxsimg.xiaoyuanzhao.com/E5/85/E58244132DAD06C9B21180DDE2E4C585.jpg,inn_cosncbzwsg9d
f,广州,凡科,5,False,1,False,363,272,需求工程师,05-08,intern,https://sxsimg.xiaoyuanzhao.com/55/1B/55CF6183284AC360F172DE487478EC1B.jpg,inn_vwrtt8c0mb5s
f,北京,大通天成,5,False,1,False,149,100,大数据分析师,04-12,intern,https://sxsimg.xiaoyuanzhao.com/A1/1F/A17ECBDA6FD1A8CA37BFEA720E9B121F.jpg,inn_razdgj2o4aah
f,北京,作业帮,3,False,1,False,300,200,数据挖掘/算法实习生,03-10,intern,https://sxsimg.xiaoyuanzhao.com/E5/85/E58244132DAD06C9B21180DDE2E4C585.jpg,inn_clxzfo1erjaz
f,北京,作业帮,3,False,1,False,300,200,数据挖掘/算法实习生,03-10,intern,https://sxsimg.xiaoyuanzhao.com/E5/85/E58244132DAD06C9B21180DDE2E4C585.jpg,inn_ol0ldg2yupys
f,北京,作业帮,3,False,1,False,300,200,数据挖掘/算法实习生,03-10,intern,https://sxsimg.xiaoyuanzhao.com/E5/85/E58244132DAD06C9B21180DDE2E4C585.jpg,inn_erd3pbcc5usx
f,北京,作业帮,3,False,1,False,300,200,数据挖掘/算法实习生,03-06,intern,https://sxsimg.xiaoyuanzhao.com/D5/22/D5597487DD52585D711B87006801A922.png,inn_rz3rohior2yf
f,北京,天眼查,4,False,1,False,400,200,算法实习生（数据挖掘方向）,03-02,intern,https://sxsimg.xiaoyuanzhao.com/41/5C/411F42E3F0A7E9B66F4F95AFA81F455C.png,inn_4gzhqnqcwebx
f,"北京,上海",链家网,3,False,1,False,400,200,机器学习/数据挖掘工程师【实习岗】,03-01,intern,https://sxsimg.xiaoyuanzhao.com/4B/44/4B198EAACCA3631BD4423271A648FF44.png,inn_bktkqf8y1o6b
f,北京,作业帮,4,False,1,False,300,200,算法/数据挖掘实习生,02-27,intern,https://sxsimg.xiaoyuanzhao.com/E5/85/E58244132DAD06C9B21180DDE2E4C585.jpg,inn_uxoebgtxgmg6
f,北京,作业帮,4,False,1,False,300,200,算法/数据挖掘实习生,01-31,intern,https://sxsimg.xiaoyuanzhao.com/E5/85/E58244132DAD06C9B21180DDE2E4C585.jpg,inn_parhpjlsytt7
